0xbdce18,Character Name,Character Description,Character Number,Class (support viewer only),Portrait,***UNKNOWN***(Always Zero),Mini Portrait,Affinity,Character Number 2?,Level,Base HP,Base Strength/Magic,Base Skill,Base Speed,Base Defense,Base Resistance,Base Luck,Constitution Bonus,Sword Level,Spear Level,Axe Level,Bow Level,Staff Level,Anima Level,Light Level,Dark Level,HP Growth,Strength/Magic Growth,Skill Growth,Speed Growth,Defense Growth,Resistance Growth,Luck Growth,Palette - Unpromoted,Palette - Promoted,Custom Battle Sprite - Unpromoted,Custom Battle Sprite - Promoted,***UNKNOWN*** (Zero),Character Ability 1,Character Ability 2,Character Ability 3,Character Ability 4,Supports Data Pointer,***UNKNOWN***,***UNKNOWN*** (Zero),***UNKNOWN*** (Zero),***UNKNOWN*** (Zero)
None,0xb8dd,0x806,0x0,0x0,0x0,0x0,0x0,0,0x0,0,25,0,0,0,0,0,0,0,3,0,0,0,253,184,6,8,3,0,0,0,41,-71,6,0x8,0x3,0x0,0x0,0x0,0x8d,0xb9,0x6,0x8,0x0,0x0,0x0,0x0,0x0
Eliwood,0x4dc,0x1af,0x1,0x1,0x2,0x0,0x0,AAnima,0x1,1,0,0,0,0,0,0,7,0,71,0,0,0,0,0,0,0,80,45,50,40,30,35,45,0x2b,0x38,0x0,0x0,0x0,0x0,0x0,0x0,0x0,0x8c98b18,0x0,0x0,0x0,0x0
Hector,0x4dd,0x1b0,0x2,0x3,0xc,0x0,0x0,AThunder,0x2,1,0,0,0,0,0,0,3,0,0,0,71,0,0,0,0,0,90,60,45,35,50,25,30,0x37,0x36,0x0,0x0,0x0,0x0,0x0,0x0,0x0,0x8c98b30,0x2,0x0,0x0,0x0
Lyn (tutorial),0x4de,0x1b1,0x3,0x2,0x16,0x0,0x0,AWind,0x3,1,0,0,0,0,0,0,5,0,31,0,0,0,0,0,0,0,70,40,60,60,20,30,55,0x1,0x1b,0x0,0x0,0x0,0x0,0x40,0x0,0x0,0x0,0x7,0x0,0x0,0x0
Raven,0x4df,0x1b4,0x4,0xa,0x23,0x0,0x0,AIce,0x8,1,7,4,3,5,1,1,2,-1,71,0,0,0,0,0,0,0,85,55,40,45,25,15,35,0x3d,0x1e,0x0,0xd,0x0,0x0,0x0,0x0,0x0,0x8c98b60,0x1,0x0,0x0,0x0
Geitz,0x4e0,0x1b5,0x5,0x13,0x24,0x0,0x0,AThunder,0x5,3,12,9,7,7,6,3,10,0,0,0,121,121,0,0,0,0,85,50,30,40,20,20,40,0x0,0x73,0x0,0x0,0x0,0x0,0x0,0x0,0x0,0x8c98bf0,0x2,0x0,0x0,0x0
Guy,0x4e1,0x1b6,0x6,0xe,0x2c,0x0,0x0,AFire,0x6,1,5,2,2,2,3,0,5,-3,71,0,0,0,0,0,0,0,75,30,50,70,15,25,45,0x40,0x67,0xe,0xf,0x0,0x0,0x0,0x0,0x0,0x8c98b90,0x5,0x0,0x0,0x0
Karel,0x4e2,0x1b7,0x7,0x10,0x26,0x0,0x0,ALight,0x7,1,10,10,12,10,8,10,15,0,181,0,0,0,0,0,0,0,70,30,50,50,10,15,30,0x0,0x68,0x0,0x0,0x0,0x0,0x0,0x0,0x0,0x8c98ba8,0x1,0x0,0x0,0x0
Dorcas,0x4e3,0x1b2,0x8,0x12,0x27,0x0,0x0,AFire,0x8,3,10,2,5,2,1,0,3,3,0,0,71,0,0,0,0,0,80,60,40,20,25,15,45,0x30,0x72,0x0,0x0,0x0,0x0,0x0,0x0,0x0,0x8c98bc0,0x1,0x0,0x0,0x0
Bartre,0x4e4,0x1b3,0x9,0x12,0x28,0x0,0x0,AThunder,0x9,2,9,4,3,-1,2,0,4,2,0,0,31,0,0,0,0,0,85,50,35,40,30,25,30,0x2f,0x70,0x0,0x0,0x0,0x0,0x0,0x0,0x0,0x8c98bd8,0x4,0x0,0x0,0x0
Citizen,0x54b,0x54b,0xa,0x47,0x0,0x0,0x6,0,0x0,1,0,0,0,0,2,-1,0,0,0,0,0,0,0,0,0,0,85,25,60,10,15,15,25,0x0,0x0,0x0,0x0,0x0,0x0,0x0,0x0,0x0,0x0,0x3,0x0,0x0,0x0
Oswin,0x4e5,0x1b8,0xb,0x14,0x29,0x0,0x0,AAnima,0xa,9,11,8,7,5,4,3,3,1,0,121,0,0,0,0,0,0,90,40,30,30,55,30,35,0x8,0x33,0x0,0x0,0x0,0x0,0x0,0x0,0x0,0x8c98c08,0x3,0x0,0x0,0x0
Fargus,0x4e6,0x1b9,0xc,0x3b,0x50,0x0,0x0,AThunder,0xb,18,34,17,9,7,12,17,15,2,0,0,181,0,0,0,0,0,90,40,30,30,55,30,35,0x0,0x22,0x0,0x0,0x0,0x0,0x0,0x0,0x0,0x0,0x1,0x0,0x0,0x0
Wil (tutorial),0x4e7,0x1ba,0xd,0x18,0x2b,0x0,0x0,AWind,0xc,3,2,2,2,2,2,0,6,-1,0,0,0,31,0,0,0,0,75,50,50,40,20,25,40,0x3,0x60,0x0,0x0,0x0,0x0,0x0,0x0,0x0,0x0,0x5,0x0,0x0,0x0
Rebecca,0x4e8,0x1bb,0xe,0x19,0x48,0x0,0x0,AFire,0xd,1,0,1,2,2,0,1,4,0,0,0,0,31,0,0,0,0,60,40,50,60,15,30,50,0x2,0x5e,0x0,0x0,0x0,0x0,0x40,0x0,0x0,0x8c98c38,0x7,0x0,0x0,0x0
Louise,0x4e9,0x1bc,0xf,0x1b,0x3b,0x0,0x0,ALight,0xe,1,9,6,8,10,4,9,16,0,0,0,0,181,0,0,0,0,60,40,40,40,20,30,30,0x0,0x5d,0x0,0x0,0x0,0x0,0x40,0x0,0x0,0x8c98c50,0xb,0x0,0x0,0x0
Lucius,0x4ea,0x1bd,0x10,0x1c,0x3d,0x0,0x0,ALight,0xf,3,0,6,5,8,0,1,2,0,0,0,0,0,0,0,31,0,55,60,50,40,10,60,20,0x3f,0x1a,0x1,0x2,0x0,0x0,0x0,0x0,0x0,0x8c98c68,0xc,0x0,0x0,0x0
Serra,0x4eb,0x1be,0x11,0x1d,0x3e,0x0,0x0,AThunder,0x10,1,1,1,3,6,2,-1,6,0,0,0,0,0,31,0,0,0,50,50,30,40,15,55,60,0x53,0x17,0x0,0x0,0x0,0x0,0x40,0x0,0x0,0x8c98c80,0x8,0x0,0x0,0x0
Renault,0x4ec,0x1bf,0x12,0x1e,0x45,0x0,0x0,AAnima,0x11,16,22,8,18,16,12,10,10,2,0,0,0,0,181,0,181,0,60,40,30,35,20,40,15,0x0,0x19,0x0,0x0,0x0,0x0,0x0,0x0,0x0,0x8c98c98,0x1,0x0,0x0,0x0
Erk,0x4ed,0x1c0,0x13,0x20,0x38,0x0,0x0,AThunder,0x12,1,1,4,4,4,-1,1,3,-1,0,0,0,0,0,31,0,0,65,40,40,50,20,40,30,0x3a,0x58,0x0,0x0,0x0,0x0,0x0,0x0,0x0,0x8c98cb0,0x3,0x0,0x0,0x0
Nino,0x4ee,0x1c1,0x14,0x21,0x39,0x0,0x0,AFire,0x13,5,3,6,5,9,2,3,10,0,0,0,0,0,0,71,0,0,55,50,55,60,15,50,45,0x39,0x55,0x0,0xa,0x0,0x0,0x40,0x0,0x0,0x8c98cc8,0xd,0x0,0x0,0x0
Pent,0x4ef,0x1c2,0x15,0x22,0x3a,0x0,0x0,AIce,0x14,6,13,13,17,13,6,11,14,1,0,0,0,0,181,181,0,0,50,30,20,40,30,35,40,0x0,0x59,0x0,0x0,0x0,0x0,0x0,0x0,0x0,0x8c98ce0,0x3,0x0,0x0,0x0
Canas,0x4f0,0x1c3,0x16,0x24,0x3c,0x0,0x0,AAnima,0x15,8,5,8,8,6,3,4,7,0,0,0,0,0,0,0,0,121,70,45,40,35,25,45,25,0x5a,0x29,0x0,0x0,0x0,0x0,0x0,0x0,0x0,0x8c98cf8,0x0,0x0,0x0,0x0
Kent (tutorial),0x4f1,0x1c4,0x17,0x28,0x2f,0x0,0x0,AAnima,0x16,1,0,1,4,2,-1,1,2,0,31,1,0,0,0,0,0,0,85,40,50,45,25,25,20,0x62,0x49,0x0,0x0,0x0,0x0,0x0,0x0,0x0,0x0,0x3,0x0,0x0,0x0
Sain (tutorial),0x4f2,0x1c5,0x18,0x28,0x30,0x0,0x0,AWind,0x17,1,-1,3,2,1,0,0,4,0,1,31,0,0,0,0,0,0,80,60,35,40,20,20,35,0x64,0x4e,0x0,0x0,0x0,0x0,0x0,0x0,0x0,0x0,0x0,0x0,0x0,0x0
Lowen,0x4f3,0x1c6,0x19,0x28,0x31,0x0,0x0,AFire,0x18,2,3,2,3,2,1,0,3,1,31,31,0,0,0,0,0,0,90,30,30,30,40,30,50,0x63,0x4a,0x0,0x0,0x0,0x0,0x0,0x0,0x0,0x8c98d40,0x0,0x0,0x0,0x0
Marcus,0x4f4,0x1c7,0x1a,0x2a,0x32,0x0,0x0,AIce,0x19,1,8,8,11,4,2,5,8,0,181,181,121,0,0,0,0,0,65,30,50,25,15,35,30,0x0,0x4b,0x0,0x0,0x0,0x0,0x0,0x0,0x0,0x8c98d58,0x4,0x0,0x0,0x0
Priscilla,0x4f5,0x1c8,0x1b,0x2c,0x3f,0x0,0x0,AWind,0x1a,3,1,5,5,5,1,1,7,-1,0,0,0,0,71,0,0,0,45,40,50,40,15,50,65,0x6d,0x6e,0x0,0x0,0x0,0x0,0x40,0x0,0x0,0x8c98d70,0xb,0x0,0x0,0x0
Rath (tutorial),0x4f6,0x1c9,0x1c,0x2e,0x2e,0x0,0x0,ADark,0x1b,7,9,3,5,5,3,2,5,1,0,0,0,71,0,0,0,0,80,50,40,50,10,25,30,0x41,0x43,0x0,0x0,0x0,0x0,0x0,0x0,0x0,0x0,0x6,0x0,0x0,0x0
Florina (tutorial),0x4f7,0x1ca,0x1d,0x32,0x33,0x0,0x0,ALight,0x1c,1,3,1,2,4,1,2,7,-1,0,31,0,0,0,0,0,0,60,40,50,55,15,35,50,0x51,0x2e,0x0,0x0,0x0,0x0,0x40,0x20,0x0,0x0,0xc,0x0,0x0,0x0
Fiora,0x4f8,0x1cb,0x1e,0x32,0x35,0x0,0x0,AWind,0x1d,7,7,4,6,8,3,5,6,0,0,71,0,0,0,0,0,0,70,35,60,50,20,50,30,0x50,0x2d,0x0,0x0,0x0,0x0,0x40,0x20,0x0,0x8c98db8,0x7,0x0,0x0,0x0
Farina,0x4f9,0x1cc,0x1f,0x32,0x40,0x0,0x0,AAnima,0x1e,12,10,6,8,9,7,10,10,0,0,181,0,0,0,0,0,0,75,50,40,45,25,30,45,0x4f,0x2c,0x0,0x0,0x0,0x0,0x40,0x20,0x0,0x8c98dd0,0x8,0x0,0x0,0x0
Heath,0x4fa,0x1cd,0x20,0x34,0x36,0x0,0x0,AThunder,0x1f,7,8,4,5,2,2,1,7,-1,0,121,0,0,0,0,0,0,80,50,50,45,30,20,20,0x25,0x26,0x0,0x0,0x0,0x0,0x0,0x0,0x0,0x8c98de8,0x0,0x0,0x0,0x0
Vaida,0x4fb,0x1ce,0x21,0x37,0x37,0x0,0x0,AFire,0x20,9,19,12,12,6,12,4,11,2,181,181,0,0,0,0,0,0,60,45,25,40,25,15,30,0x0,0x27,0x0,0x0,0x0,0x0,0x40,0x0,0x0,0x8c98e00,0x9,0x0,0x0,0x0
Hawkeye,0x4fc,0x1d0,0x22,0x3b,0x1f,0x0,0x0,AWind,0x21,4,26,11,8,4,8,10,13,3,0,0,181,0,0,0,0,0,50,40,30,25,20,35,40,0x0,0x16,0x0,0x10,0x0,0x0,0x0,0x0,0x0,0x8c98e18,0x6,0x0,0x0,0x0
Matthew,0x4fd,0x1d1,0x23,0x3c,0x20,0x0,0x0,AWind,0x22,2,2,1,3,2,1,0,2,1,31,0,0,0,0,0,0,0,75,30,40,70,25,20,50,0x6c,0xf,0x0,0x0,0x0,0x0,0x0,0x0,0x0,0x8c98e30,0x2,0x0,0x0,0x0
Jaffar,0x4fe,0x1d2,0x24,0x3e,0x21,0x0,0x0,AIce,0x23,13,18,16,24,15,13,11,10,2,181,0,0,0,0,0,0,0,65,15,40,35,30,30,20,0x0,0xc,0x0,0x0,0x0,0x0,0x0,0x0,0x0,0x8c98e48,0x6,0x0,0x0,0x0
Ninian,0x4ff,0x1d3,0x25,0x40,0x1c,0x0,0x0,AIce,0x24,1,0,-1,-2,5,5,3,10,0,0,0,0,0,0,0,0,0,85,5,5,70,30,70,80,0x24,0x24,0x0,0x0,0x0,0x0,0x40,0x0,0x0,0x8c98e60,0xc,0x0,0x0,0x0
Nils,0x500,0x1d4,0x26,0x41,0x41,0x0,0x0,AIce,0x25,1,0,-1,-2,5,4,4,10,0,0,0,0,0,0,0,0,0,85,5,5,70,30,70,80,0x20,0x20,0x0,0x0,0x0,0x0,0x0,0x0,0x0,0x0,0xd,0x0,0x0,0x0
Athos,0x501,0x1d5,0x27,0x42,0x1b,0x0,0x0,AAnima,0x26,20,0,0,0,0,0,0,25,0,0,0,0,0,251,251,251,251,0,0,0,0,0,0,0,0x65,0x65,0x0,0x0,0x0,0x0,0x0,0x0,0x0,0x0,0x4,0x0,0x0,0x0
Merlinus,0x502,0x1d6,0x28,0x44,0x4a,0x0,0x0,ADark,0x27,5,3,0,1,2,2,2,12,0,0,0,0,0,0,0,0,0,120,0,90,90,30,15,100,0x0,0x0,0x0,0x0,0x0,0x0,0x0,0x0,0x0,0x8c98e78,0x4,0x0,0x0,0x0
Nils (Final Chapter),0x500,0x1d4,0x29,0x41,0x41,0x0,0x0,AIce,0x25,1,0,-1,-2,5,4,4,10,0,0,0,0,0,0,0,0,0,85,5,5,70,30,70,80,0x20,0x20,0x0,0x0,0x0,0x0,0x0,0x0,0x0,0x0,0xd,0x0,0x0,0x0
Uther,0x504,0x1de,0x2a,0x16,0x4e,0x0,0x0,AAnima,0x0,16,35,16,16,12,9,10,12,1,0,181,251,0,0,0,0,0,65,70,30,20,30,30,15,0x0,0x0,0x0,0x0,0x0,0x0,0x0,0x0,0x0,0x0,0x4,0x0,0x0,0x0
Vaida (Boss),0x4fb,0x1cf,0x2b,0x37,0x37,0x0,0x0,AFire,0x20,9,19,12,12,6,12,4,0,2,181,181,0,0,0,0,0,0,60,45,25,40,25,15,30,0x0,0x27,0x0,0x0,0x0,0x0,0xc0,0x8,0x0,0x0,0x9,0x0,0x0,0x0
Wallace,0x507,0x1d8,0x2c,0x14,0x49,0x0,0x0,AThunder,0x28,12,13,8,5,5,6,2,10,0,0,181,0,0,0,0,0,0,70,45,40,20,35,35,30,0x9,0x34,0x0,0x0,0x0,0x0,0x0,0x0,0x0,0x8c98e90,0x4,0x0,0x0,0x0
Lyn (Not tutorial),0x4de,0x1b1,0x2d,0x2,0x16,0x0,0x0,AWind,0x3,4,2,1,3,2,0,0,5,0,71,0,0,0,0,0,0,0,70,40,60,60,20,30,55,0x1,0x1b,0x0,0x0,0x0,0x0,0x40,0x0,0x0,0x8c98b48,0x7,0x0,0x0,0x0
Wil (Not tutorial),0x4e7,0x1ba,0x2e,0x18,0x2b,0x0,0x0,AWind,0xc,4,3,2,2,3,2,1,7,-1,0,0,0,31,0,0,0,0,75,50,50,40,20,25,40,0x3,0x60,0x0,0x0,0x0,0x0,0x0,0x0,0x0,0x8c98c20,0x5,0x0,0x0,0x0
Kent (Not tutorial),0x4f1,0x1c4,0x2f,0x28,0x2f,0x0,0x0,AAnima,0x16,5,3,3,5,3,0,1,4,0,31,31,0,0,0,0,0,0,85,40,50,45,25,25,20,0x62,0x49,0x0,0x0,0x0,0x0,0x0,0x0,0x0,0x8c98d10,0x3,0x0,0x0,0x0
Sain (Not tutorial),0x4f2,0x1c5,0x30,0x28,0x30,0x0,0x0,AWind,0x17,4,2,4,3,2,1,0,5,0,31,31,0,0,0,0,0,0,80,60,35,40,20,20,35,0x64,0x4e,0x0,0x0,0x0,0x0,0x0,0x0,0x0,0x8c98d28,0x0,0x0,0x0,0x0
Florina (Not tutorial),0x4f7,0x1ca,0x31,0x32,0x33,0x0,0x0,ALight,0x1c,3,4,2,3,4,1,3,8,-1,0,31,0,0,0,0,0,0,60,40,50,55,15,35,50,0x51,0x2e,0x0,0x0,0x0,0x0,0x40,0x20,0x0,0x8c98da0,0xc,0x0,0x0,0x0
Rath (Not tutorial),0x4f6,0x1c9,0x32,0x2e,0x2e,0x0,0x0,ADark,0x1b,9,11,4,6,6,4,2,5,0,0,0,0,121,0,0,0,0,80,50,40,50,10,25,30,0x41,0x43,0x0,0x0,0x0,0x0,0x0,0x0,0x0,0x8c98d88,0x6,0x0,0x0,0x0
Dart,0x506,0x1d7,0x33,0x3a,0x2a,0x0,0x0,AFire,0x0,8,15,8,6,2,3,1,3,0,0,0,121,0,0,0,0,0,70,65,20,60,20,15,35,0x52,0x21,0x0,0x0,0x0,0x0,0x0,0x0,0x0,0x8c98ea8,0x2,0x0,0x0,0x0
Isadora,0x508,0x1d9,0x34,0x2b,0x46,0x0,0x0,ADark,0x1e,1,5,7,6,5,1,0,10,-3,181,121,31,0,0,0,0,0,75,30,35,50,20,25,45,0x0,0x45,0x0,0x9,0x0,0x0,0x40,0x0,0x0,0x8c98ed8,0xa,0x0,0x0,0x0
Elenora,0x503,0x1dd,0x35,0x4c,0x4c,0x0,0x0,ADark,0x0,1,4,4,4,4,4,4,4,0,0,0,0,0,0,181,0,0,50,30,20,40,10,40,50,0x0,0x0,0x0,0x0,0x0,0x0,0x40,0x0,0x0,0x0,0x0,0x0,0x0,0x0
Legault,0x50a,0x1da,0x36,0x3c,0x25,0x0,0x0,AIce,0x23,12,10,5,10,6,6,3,10,3,71,0,0,0,0,0,0,0,60,25,45,60,25,25,60,0x6b,0xe,0xb,0xc,0x0,0x0,0x0,0x0,0x0,0x8c98ec0,0x2,0x0,0x0,0x0
Karla,0x50c,0x1dc,0x37,0x11,0x2d,0x0,0x0,ADark,0x1c,5,10,8,10,6,7,9,16,0,181,0,0,0,0,0,0,0,60,25,45,55,10,20,40,0x0,0x66,0x0,0x0,0x0,0x0,0x40,0x0,0x0,0x8c98ef0,0x3,0x0,0x0,0x0
Harken,0x50b,0x1db,0x38,0xc,0x47,0x0,0x0,AFire,0x0,8,16,15,11,7,7,8,12,1,121,0,121,0,0,0,0,0,80,35,30,40,30,25,20,0x0,0x1c,0x0,0x0,0x0,0x0,0x0,0x0,0x0,0x8c98b78,0x3,0x0,0x0,0x0
Leila,0x50d,0x1df,0x39,0x3d,0x57,0x0,0x0,AWind,0x27,14,9,12,13,12,11,13,8,0,251,0,0,0,0,0,0,0,80,70,65,0,30,40,55,0x6a,0x0,0x0,0x0,0x0,0x0,0x40,0x0,0x0,0x0,0x7,0x0,0x0,0x0
Bramimond,0x50e,0x1e0,0x3a,0x26,0x5c,0x0,0x0,ADark,0x16,18,0,0,0,0,0,0,28,0,0,0,0,0,251,0,0,251,90,110,80,90,30,90,70,0x0,0x0,0x0,0x0,0x0,0x0,0x0,0x0,0x0,0x0,0xa,0x0,0x0,0x0
Kishuna,0x50f,0x1ee,0x3b,0x43,0x7d,0x0,0x0,ADark,0x0,1,0,0,0,0,0,0,0,0,0,0,0,0,0,0,0,0,85,50,10,10,10,15,30,0x77,0x77,0x0,0x0,0x0,0x0,0x80,0x8,0x0,0x0,0x4,0x0,0x0,0x0
Groznyi,0x511,0x1f3,0x3c,0x39,0x6e,0x0,0x0,0,0x0,5,5,2,3,-1,1,2,1,0,0,0,0,0,0,0,0,0,85,50,10,10,10,15,30,0x78,0x0,0x0,0x0,0x0,0x0,0x80,0x0,0x0,0x0,0x4,0x0,0x0,0x0
Wire,0x510,0x1ef,0x3d,0x14,0x6f,0x0,0x0,0,0x0,7,8,4,4,3,4,3,3,0,0,0,0,0,0,0,0,0,85,50,10,10,10,15,30,0xa,0x0,0x0,0x0,0x0,0x0,0x80,0x0,0x0,0x0,0x4,0x0,0x0,0x0
Bandit,0x54f,0x21d,0x3e,0x39,0x0,0x0,0x3,0,0x0,1,0,0,0,0,0,0,0,0,0,0,0,0,0,0,0,0,60,20,30,35,15,15,25,0x0,0x0,0x0,0x0,0x0,0x0,0x0,0x0,0x0,0x0,0x3,0x0,0x0,0x0
Zagan,0x512,0x1f4,0x3f,0x12,0x70,0x0,0x0,0,0x0,9,12,6,2,2,4,5,2,3,0,0,0,0,0,0,0,0,85,50,10,10,10,15,30,0x14,0x0,0x0,0x0,0x0,0x0,0x80,0x0,0x0,0x0,0x4,0x0,0x0,0x0
Boies,0x513,0x1f7,0x40,0x14,0x71,0x0,0x0,0,0x0,13,10,7,6,4,4,7,1,0,0,0,0,0,0,0,0,0,85,50,10,10,10,15,30,0x4,0x0,0x0,0x0,0x0,0x0,0x80,0x0,0x0,0x0,0x4,0x0,0x0,0x0
Puzon,0x514,0x1f5,0x41,0xa,0x8e,0x0,0x0,0,0x0,10,8,6,0,1,2,6,5,2,31,0,0,0,0,0,0,0,60,20,30,35,15,15,25,0x3e,0x0,0x0,0x0,0x0,0x0,0x80,0x0,0x0,0x0,0x0,0x0,0x0,0x0
Bandit,0x54f,0x21d,0x42,0x39,0x0,0x0,0x3,0,0x0,1,0,0,0,0,0,0,0,0,0,0,0,0,0,0,0,0,60,20,30,35,15,15,25,0x0,0x0,0x0,0x0,0x0,0x0,0x0,0x0,0x0,0x0,0x3,0x0,0x0,0x0
Santals,0x516,0x1f2,0x43,0x1e,0x6c,0x0,0x0,0,0x0,1,8,4,3,2,2,0,0,0,0,0,0,0,0,0,0,0,85,50,10,10,10,15,30,0x0,0x0,0x0,0x0,0x0,0x0,0x80,0x0,0x0,0x0,0x4,0x0,0x0,0x0
Nergal,0x517,0x1f0,0x44,0x45,0x61,0x0,0x0,0,0x0,20,0,0,0,0,0,0,20,0,0,0,0,0,251,251,251,251,85,50,10,10,10,15,30,0x28,0x0,0x0,0x0,0x0,0x0,0x80,0x0,0x0,0x0,0x4,0x0,0x0,0x0
Erik,0x518,0x1f8,0x45,0x28,0x6b,0x0,0x0,0,0x0,14,8,3,7,3,2,9,6,1,71,181,0,0,0,0,0,0,85,50,10,10,10,15,30,0x61,0x0,0x0,0x0,0x0,0x0,0x80,0x0,0x8,0x0,0x4,0x0,0x0,0x0
Sealen,0x519,0x1f1,0x46,0x2e,0x72,0x0,0x0,0,0x0,15,10,5,5,2,3,6,10,0,0,0,0,0,0,0,0,0,85,50,10,10,10,15,30,0x42,0x0,0x0,0x0,0x0,0x0,0x80,0x0,0x8,0x0,0x4,0x0,0x0,0x0
Bauker,0x51a,0x1f9,0x47,0x14,0x73,0x0,0x0,0,0x0,18,14,8,8,4,2,11,4,1,0,0,0,0,0,0,0,0,85,50,10,10,10,15,30,0x6,0x0,0x0,0x0,0x0,0x0,0x80,0x0,0x0,0x0,0x4,0x0,0x0,0x0
Bernard,0x51b,0x1fa,0x48,0x16,0x74,0x0,0x0,0,0x0,1,8,6,5,0,0,7,2,0,0,0,0,0,0,0,0,0,85,50,10,10,10,15,30,0x0,0x31,0x0,0x0,0x0,0x0,0x80,0x0,0x0,0x0,0x4,0x0,0x0,0x0
Damian,0x51c,0x1fb,0x49,0x2a,0x75,0x0,0x0,0,0x0,5,11,5,3,-2,6,10,2,0,181,0,0,0,0,0,0,0,85,50,10,10,10,15,30,0x0,0x47,0x0,0x0,0x0,0x0,0x80,0x0,0x0,0x0,0x4,0x0,0x0,0x0
Zoldam,0x51d,0x1fc,0x4a,0x24,0x76,0x0,0x0,0,0x0,18,12,10,10,8,5,11,8,0,0,0,0,0,0,0,0,121,85,50,10,10,10,15,30,0x5c,0x0,0x0,0x0,0x0,0x0,0x80,0x0,0x0,0x0,0x4,0x0,0x0,0x0
Uhai,0x51e,0x1fd,0x4b,0x30,0x77,0x0,0x0,0,0x0,7,12,8,7,5,6,10,4,2,121,0,0,181,0,0,0,0,85,50,10,10,10,15,30,0x0,0x44,0x0,0x0,0x0,0x0,0x80,0x0,0x8,0x0,0x4,0x0,0x0,0x0
Aion,0x51f,0x1fe,0x4c,0x22,0x78,0x0,0x0,0,0x0,4,12,7,5,8,1,11,9,0,0,0,0,0,0,121,0,0,85,50,10,10,10,15,30,0x0,0x57,0x0,0x0,0x0,0x0,0x80,0x0,0x0,0x0,0x4,0x0,0x0,0x0
Darin,0x520,0x1ff,0x4d,0x16,0x6a,0x0,0x0,0,0x0,5,13,6,5,5,2,10,2,0,0,181,181,0,0,0,0,0,85,50,10,10,10,15,30,0x0,0x32,0x0,0x0,0x0,0x0,0x80,0x0,0x0,0x0,0x4,0x0,0x0,0x0
Cameron,0x521,0x200,0x4e,0x2a,0x7a,0x0,0x0,0,0x0,1,8,2,6,5,2,8,5,0,121,121,71,0,0,0,0,0,85,50,10,10,10,15,30,0x0,0x46,0x0,0x0,0x0,0x0,0x80,0x0,0x8,0x0,0x4,0x0,0x0,0x0
Oleg,0x522,0x201,0x4f,0x13,0x7b,0x0,0x0,0,0x0,5,14,8,4,1,7,7,3,0,0,0,181,31,0,0,0,0,85,50,10,10,10,15,30,0x0,0x75,0x0,0x0,0x0,0x0,0x80,0x0,0x0,0x0,0x4,0x0,0x0,0x0
Eubans,0x515,0x1f6,0x50,0x2a,0x7c,0x0,0x0,0,0x0,6,15,7,6,2,4,11,5,0,121,251,0,0,0,0,0,0,85,50,10,10,10,15,30,0x0,0x48,0x0,0x0,0x0,0x0,0x80,0x0,0x8,0x0,0x4,0x0,0x0,0x0
Ursula,0x523,0x207,0x51,0x2d,0x84,0x0,0x0,0,0x0,15,17,14,16,17,8,21,12,1,0,0,0,0,121,181,0,0,85,50,10,10,10,15,30,0x0,0x6f,0x0,0x0,0x0,0x0,0xc0,0x0,0x0,0x0,0x0,0x0,0x0,0x0
Black Fang,0x549,0x0,0x52,0x36,0x0,0x0,0x0,0,0x0,1,8,4,3,2,2,0,0,0,0,0,0,0,0,0,0,0,85,50,10,10,10,15,30,0x0,0x0,0x0,0x0,0x0,0x0,0x80,0x0,0x0,0x0,0x4,0x0,0x0,0x0
Paul,0x525,0x202,0x53,0x13,0x7e,0x0,0x0,AFire,0x0,8,19,11,7,6,6,9,2,0,0,0,0,0,0,0,0,0,85,50,10,10,10,15,30,0x0,0x76,0x0,0x0,0x0,0x0,0x80,0x0,0x0,0x8c98f08,0x3,0x0,0x0,0x0
Jasmine,0x526,0x203,0x54,0x13,0x7f,0x0,0x0,AThunder,0x0,9,18,9,9,8,3,11,6,0,0,0,0,0,0,0,0,0,85,50,10,10,10,15,30,0x0,0x74,0x0,0x0,0x0,0x0,0x80,0x0,0x0,0x8c98f20,0x4,0x0,0x0,0x0
Black Fang,0x549,0x0,0x55,0x16,0x0,0x0,0x0,0,0x0,1,36,16,15,13,16,17,0,0,0,181,181,0,0,0,0,0,85,50,10,10,10,15,30,0x0,0x0,0x0,0x0,0x0,0x0,0x80,0x0,0x0,0x0,0x4,0x0,0x0,0x0
Jerme (Morph),0x52d,0x21b,0x56,0x3e,0x9d,0x0,0x0,0,0x0,20,37,16,27,14,17,16,0,0,251,0,0,0,0,0,0,0,85,50,10,10,10,15,30,0x0,0xd,0x0,0x12,0x0,0x0,0x0,0x8,0x0,0x0,0x4,0x0,0x0,0x0
Pascal,0x52b,0x20a,0x57,0x2a,0x80,0x0,0x0,0,0x0,14,25,10,9,3,5,5,11,1,0,121,0,0,0,0,0,0,85,50,10,10,10,15,30,0x0,0x4d,0x0,0x0,0x0,0x0,0x80,0x0,0x0,0x0,0x4,0x0,0x0,0x0
Kenneth,0x52c,0x20b,0x58,0x1e,0x81,0x0,0x0,0,0x0,13,20,15,12,9,6,13,6,3,0,0,0,0,181,0,181,0,85,50,10,10,10,15,30,0x0,0x18,0x0,0x0,0x0,0x0,0x80,0x0,0x8,0x0,0x4,0x0,0x0,0x0
Jerme,0x52d,0x20c,0x59,0x3e,0x82,0x0,0x0,0,0x0,13,30,15,17,8,8,14,10,0,181,0,0,0,0,0,0,0,85,50,10,10,10,15,30,0x0,0xd,0x0,0x11,0x0,0x0,0x80,0x0,0x8,0x0,0x4,0x0,0x0,0x0
Maxime,0x52e,0x20d,0x5a,0x2a,0x83,0x0,0x0,0,0x0,11,17,7,8,6,1,12,5,0,0,181,0,0,0,0,0,0,85,50,10,10,10,15,30,0x0,0x4c,0x0,0x0,0x0,0x0,0x0,0x0,0x0,0x0,0x4,0x0,0x0,0x0
Sonia,0x52f,0x20e,0x5b,0x5a,0x63,0x0,0x0,0,0x0,17,25,15,12,13,16,17,0,0,0,0,0,0,181,181,0,0,85,50,10,10,10,15,30,0x0,0x56,0x0,0x0,0x0,0x0,0xc0,0x8,0x8,0x0,0x0,0x0,0x0,0x0
Teodor,0x530,0x20f,0x5c,0x26,0x85,0x0,0x0,0,0x0,6,11,10,12,8,5,12,3,0,0,0,0,0,0,0,0,181,85,50,10,10,10,15,30,0x0,0x2a,0x0,0x0,0x0,0x0,0x80,0x0,0x0,0x0,0x4,0x0,0x0,0x0
Georg,0x539,0x210,0x5d,0x3b,0x79,0x0,0x0,0,0x0,15,36,20,11,6,12,21,0,2,0,0,251,0,0,0,0,0,60,20,30,35,15,15,25,0x0,0x23,0x0,0x0,0x0,0x0,0x80,0x0,0x8,0x0,0x0,0x0,0x0,0x0
Kaim,0x531,0x211,0x5e,0xc,0x87,0x0,0x0,0,0x0,16,38,14,9,5,7,22,0,3,251,0,181,0,0,0,0,0,85,50,10,10,10,15,30,0x0,0x1d,0x0,0x0,0x0,0x0,0x80,0x0,0x8,0x0,0x4,0x0,0x0,0x0
Merc,0x556,0x226,0x5f,0x39,0x0,0x0,0x3,0,0x0,1,0,0,0,0,0,0,0,0,0,0,0,0,0,0,0,0,60,20,30,35,15,15,25,0x0,0x0,0x0,0x0,0x0,0x0,0x0,0x0,0x0,0x0,0x0,0x0,0x0,0x0
Denning,0x52a,0x208,0x60,0x1a,0x86,0x0,0x0,0,0x0,19,30,11,12,13,9,20,0,0,0,0,0,181,0,0,0,0,85,50,10,10,10,15,30,0x0,0x5f,0x0,0x0,0x0,0x0,0x80,0x8,0x0,0x0,0x4,0x0,0x0,0x0
Bern,0x555,0x221,0x61,0x39,0x0,0x0,0x3,0,0x0,1,0,0,0,0,0,0,0,0,0,0,0,0,0,0,0,0,60,20,30,35,15,15,25,0x0,0x0,0x0,0x0,0x0,0x0,0x0,0x0,0x0,0x0,0x0,0x0,0x0,0x0
Morph,0x559,0x228,0x62,0x3c,0x0,0x0,0x3,0,0x0,1,0,0,0,15,0,0,0,0,0,0,0,0,0,0,0,0,60,20,30,35,15,15,25,0x0,0x0,0x0,0x0,0x0,0x0,0x0,0x8,0x0,0x0,0x0,0x0,0x0,0x0
Lloyd (1),0x535,0x205,0x63,0x10,0x65,0x0,0x0,AAnima,0x0,12,20,12,8,9,3,13,16,0,181,0,0,0,0,0,0,0,85,50,10,10,10,15,30,0x0,0x69,0x0,0x6,0x0,0x0,0x80,0x0,0x0,0x8c98f38,0x4,0x0,0x0,0x0
Linus (1),0x536,0x206,0x64,0xc,0x66,0x0,0x0,AThunder,0x0,12,23,15,9,2,6,10,14,4,181,0,181,0,0,0,0,0,85,50,10,10,10,15,30,0x0,0x1f,0x0,0x3,0x0,0x0,0x80,0x0,0x0,0x8c98f50,0x4,0x0,0x0,0x0
Lloyd (2),0x535,0x205,0x65,0x10,0x65,0x0,0x0,AAnima,0x0,18,31,14,12,11,10,17,16,0,251,0,0,0,0,0,0,0,85,50,10,10,10,15,30,0x0,0x69,0x0,0x7,0x0,0x0,0x80,0x0,0x8,0x0,0x4,0x0,0x0,0x0
Linus (2),0x536,0x206,0x66,0xc,0x66,0x0,0x0,AThunder,0x0,18,36,18,11,5,11,13,14,4,251,0,181,0,0,0,0,0,85,50,10,10,10,15,30,0x0,0x1f,0x0,0x4,0x0,0x0,0x80,0x0,0x8,0x0,0x4,0x0,0x0,0x0
Bandit,0x54f,0x21e,0x67,0x39,0x0,0x0,0x3,0,0x0,1,0,0,0,0,0,0,0,0,0,0,0,0,0,0,0,0,60,20,30,35,15,15,25,0x0,0x0,0x0,0x0,0x0,0x0,0x0,0x0,0x0,0x0,0x0,0x0,0x0,0x0
Bandit,0x54f,0x21e,0x68,0x39,0x0,0x0,0x3,0,0x0,1,0,0,0,0,0,0,0,0,0,0,0,0,0,0,0,0,60,20,30,35,15,15,25,0x0,0x0,0x0,0x0,0x0,0x0,0x0,0x0,0x0,0x0,0x0,0x0,0x0,0x0
Bandit,0x54f,0x21e,0x69,0x39,0x0,0x0,0x3,0,0x0,1,0,0,0,0,0,0,0,0,0,0,0,0,0,0,0,0,60,20,30,35,15,15,25,0x0,0x0,0x0,0x0,0x0,0x0,0x0,0x0,0x0,0x0,0x0,0x0,0x0,0x0
Laus,0x552,0x21f,0x6a,0x39,0x0,0x0,0x3,0,0x0,1,0,0,0,0,0,0,0,0,0,0,0,0,0,0,0,0,60,20,30,35,15,15,25,0x0,0x0,0x0,0x0,0x0,0x0,0x0,0x0,0x0,0x0,0x0,0x0,0x0,0x0
Laus,0x552,0x21f,0x6b,0x39,0x0,0x0,0x3,0,0x0,1,0,0,0,0,0,0,0,0,0,0,0,0,0,0,0,0,60,20,30,35,15,15,25,0x0,0x0,0x0,0x0,0x0,0x0,0x0,0x0,0x0,0x0,0x0,0x0,0x0,0x0
Pirate,0x550,0x220,0x6c,0x3a,0x0,0x0,0x3,0,0x0,1,0,0,0,0,0,0,0,0,0,0,0,0,0,0,0,0,60,20,30,35,15,15,25,0x0,0x0,0x0,0x0,0x0,0x0,0x0,0x0,0x0,0x0,0x0,0x0,0x0,0x0
Black Fang,0x557,0x221,0x6d,0x39,0x0,0x0,0x3,0,0x0,1,0,0,0,0,0,0,0,0,0,0,0,0,0,0,0,0,60,20,30,35,15,15,25,0x0,0x0,0x0,0x0,0x0,0x0,0x0,0x0,0x0,0x0,0x0,0x0,0x0,0x0
Black Fang,0x557,0x221,0x6e,0x39,0x0,0x0,0x3,0,0x0,1,0,0,0,0,0,0,0,0,0,0,0,0,0,0,0,0,60,20,30,35,15,15,25,0x0,0x0,0x0,0x0,0x0,0x0,0x0,0x0,0x8,0x0,0x0,0x0,0x0,0x0
Ostia,0x554,0x222,0x6f,0x38,0x0,0x0,0x2,0,0x0,1,0,0,0,0,0,0,0,0,0,0,0,0,0,0,0,0,60,20,30,35,15,15,25,0x0,0x0,0x0,0x0,0x0,0x0,0x0,0x0,0x0,0x0,0x0,0x0,0x0,0x0
Black Fang,0x557,0x221,0x70,0x39,0x0,0x0,0x3,0,0x0,1,0,0,0,0,0,0,0,0,0,0,0,0,0,0,0,0,60,20,30,35,15,15,25,0x0,0x0,0x0,0x0,0x0,0x0,0x0,0x0,0x0,0x0,0x0,0x0,0x0,0x0
Guardian,0x558,0x223,0x71,0x39,0x0,0x0,0x3,0,0x0,1,0,0,0,0,0,0,0,0,0,0,0,0,0,0,0,0,60,20,30,35,15,15,25,0x0,0x0,0x0,0x0,0x0,0x0,0x0,0x0,0x0,0x0,0x0,0x0,0x0,0x0
Morph,0x559,0x228,0x72,0x39,0x0,0x0,0x3,0,0x0,1,0,0,0,0,0,0,0,0,0,0,0,0,0,0,0,0,60,20,30,35,15,15,25,0x0,0x0,0x0,0x0,0x0,0x0,0x0,0x8,0x0,0x0,0x0,0x0,0x0,0x0
Morph,0x559,0x228,0x73,0x39,0x0,0x0,0x3,0,0x0,1,0,0,0,0,0,0,0,0,0,0,0,0,0,0,0,0,60,20,30,35,15,15,0,0x0,0x0,0x0,0x0,0x0,0x0,0x0,0x8,0x0,0x0,0x0,0x0,0x0,0x0
Morph,0x559,0x228,0x74,0x39,0x0,0x0,0x3,0,0x0,1,0,0,0,0,0,0,0,0,0,0,0,0,0,0,0,0,60,20,30,35,15,15,25,0x0,0x0,0x0,0x0,0x0,0x0,0x0,0x8,0x8,0x0,0x0,0x0,0x0,0x0
Caelin,0x553,0x225,0x75,0x38,0x0,0x0,0x2,0,0x0,1,0,0,0,0,0,0,0,0,0,71,0,0,0,0,0,0,85,25,60,10,15,15,25,0x0,0x0,0x0,0x0,0x0,0x0,0x0,0x0,0x0,0x0,0x0,0x0,0x0,0x0
Caelin,0x553,0x225,0x76,0x38,0x0,0x0,0x2,0,0x0,1,0,0,0,0,0,0,0,0,0,71,0,0,0,0,0,0,85,25,60,10,15,15,25,0x0,0x0,0x0,0x0,0x0,0x0,0x0,0x0,0x0,0x0,0x0,0x0,0x0,0x0
Caelin,0x553,0x225,0x77,0x38,0x0,0x0,0x2,0,0x0,1,0,0,0,0,0,0,0,0,0,71,0,0,0,0,0,0,85,25,60,10,15,15,25,0x0,0x0,0x0,0x0,0x0,0x0,0x0,0x0,0x0,0x0,0x0,0x0,0x0,0x0
Laus,0x552,0x21f,0x78,0x38,0x0,0x0,0x3,0,0x0,1,0,0,0,0,0,0,0,0,0,0,0,0,0,0,0,0,85,25,60,10,15,15,25,0x0,0x0,0x0,0x0,0x0,0x0,0x0,0x0,0x8,0x0,0x0,0x0,0x0,0x0
Laus,0x552,0x21f,0x79,0x38,0x0,0x0,0x3,0,0x0,1,0,0,0,0,0,0,0,0,0,0,0,0,0,0,0,0,85,25,60,10,15,15,25,0x0,0x0,0x0,0x0,0x0,0x0,0x0,0x0,0x8,0x0,0x0,0x0,0x0,0x0
Zephiel,0x53a,0x212,0x7a,0x4d,0x51,0x0,0x0,0,0x0,11,10,7,7,8,8,13,5,0,181,0,0,0,0,0,0,0,80,40,50,40,25,40,60,0x0,0x0,0x0,0x0,0x0,0x0,0x0,0x0,0x0,0x0,0x3,0x0,0x0,0x0
Elbert,0x53b,0x213,0x7b,0x47,0x4f,0x0,0x0,0,0x0,18,22,16,18,20,13,13,1,0,181,181,0,0,0,0,0,0,85,50,10,10,10,15,30,0x0,0x0,0x0,0x0,0x0,0x0,0x0,0x0,0x0,0x0,0x3,0x0,0x0,0x0
Black Fang,0x557,0x221,0x7c,0x16,0x0,0x0,0x3,0,0x0,1,0,0,0,0,0,0,0,0,0,0,0,0,0,0,0,0,85,25,60,10,15,15,25,0x0,0x0,0x0,0x0,0x0,0x0,0x0,0x0,0x8,0x0,0x0,0x0,0x0,0x0
Black Fang,0x557,0x221,0x7d,0x26,0x0,0x0,0x3,0,0x0,1,0,0,0,0,0,0,0,0,0,0,0,0,0,0,0,0,85,25,60,10,15,15,25,0x0,0x0,0x0,0x0,0x0,0x0,0x0,0x0,0x0,0x0,0x0,0x0,0x0,0x0
Black Fang,0x557,0x221,0x7e,0x1e,0x0,0x0,0x3,0,0x0,1,0,0,0,0,0,0,0,0,0,0,0,0,0,0,0,0,85,25,60,10,15,15,25,0x0,0x0,0x0,0x0,0x0,0x0,0x0,0x0,0x0,0x0,0x0,0x0,0x0,0x0
Morph,0x559,0x228,0x7f,0x16,0x0,0x0,0x3,0,0x0,1,0,0,0,0,0,0,0,0,0,0,0,0,0,0,0,0,85,25,60,10,15,15,25,0x0,0x0,0x0,0x0,0x0,0x0,0x0,0x8,0x0,0x0,0x0,0x0,0x0,0x0
Morph,0x559,0x228,0x80,0xc,0x0,0x0,0x3,0,0x0,1,0,0,0,0,0,0,0,0,0,0,0,0,0,0,0,0,85,25,60,10,15,15,25,0x0,0x0,0x0,0x0,0x0,0x0,0x0,0x8,0x0,0x0,0x0,0x0,0x0,0x0
Morph,0x559,0x228,0x81,0x10,0x0,0x0,0x3,0,0x0,1,0,0,0,0,0,0,0,0,0,0,0,0,0,0,0,0,85,25,60,10,15,15,25,0x0,0x0,0x0,0x0,0x0,0x0,0x0,0x8,0x0,0x0,0x0,0x0,0x0,0x0
Morph,0x559,0x228,0x82,0x1a,0x0,0x0,0x3,0,0x0,1,0,0,0,0,0,0,0,0,0,0,0,0,0,0,0,0,85,25,60,10,15,15,25,0x0,0x0,0x0,0x0,0x0,0x0,0x0,0x8,0x0,0x0,0x0,0x0,0x0,0x0
Black Fang,0x557,0x221,0x83,0x3c,0x0,0x0,0x3,0,0x0,1,0,0,0,15,0,0,0,0,0,0,0,0,0,0,0,0,60,20,30,35,15,15,25,0x0,0x0,0x0,0x0,0x0,0x0,0x0,0x0,0x0,0x0,0x0,0x0,0x0,0x0
Brendan,0x527,0x204,0x84,0x13,0x64,0x0,0x0,ALight,0x0,18,10,7,3,1,2,1,2,2,0,0,251,181,0,0,0,0,85,50,10,10,10,15,30,0x0,0x71,0x0,0x0,0x0,0x0,0x80,0x0,0x0,0x0,0x3,0x0,0x0,0x0
Limstella,0x537,0x209,0x85,0x5a,0x67,0x0,0x0,0,0x0,20,49,20,14,12,21,21,0,0,0,0,0,0,251,251,0,0,85,50,10,10,10,15,30,0x0,0x54,0x0,0x0,0x0,0x0,0xc0,0x8,0x8,0x0,0x0,0x0,0x0,0x0
Dragon,0x538,0x214,0x86,0x46,0x0,0x0,0x1,ADark,0x0,20,0,0,0,0,0,0,24,0,0,0,0,0,0,0,0,0,85,50,10,10,10,15,30,0x0,0x0,0x0,0x0,0x0,0x0,0x80,0x0,0x1,0x0,0x4,0x0,0x0,0x0
Batta,0x53c,0x1e1,0x87,0x39,0x88,0x0,0x0,0,0x0,2,1,0,0,-2,0,0,2,-2,0,0,0,0,0,0,0,0,60,20,30,35,15,15,25,0x10,0x0,0x0,0x0,0x0,0x0,0x80,0x0,0x0,0x0,0x0,0x0,0x0,0x0
Bandit,0x54f,0x21e,0x88,0x39,0x0,0x0,0x3,0,0x0,1,0,0,0,-3,0,0,0,0,0,0,0,0,0,0,0,0,60,20,30,35,15,15,25,0x0,0x0,0x0,0x0,0x0,0x0,0x0,0x0,0x0,0x0,0x0,0x0,0x0,0x0
Zugu,0x53d,0x1e2,0x89,0x39,0x89,0x0,0x0,0,0x0,4,3,1,1,-1,1,0,1,-1,0,0,0,0,0,0,0,0,60,20,30,35,15,15,25,0x15,0x0,0x0,0x0,0x0,0x0,0x80,0x0,0x0,0x0,0x0,0x0,0x0,0x0
Bandit,0x551,0x224,0x8a,0x39,0x0,0x0,0x3,0,0x0,1,0,-2,0,-1,0,0,0,0,0,0,0,0,0,0,0,0,60,20,30,35,15,15,25,0x0,0x0,0x0,0x0,0x0,0x0,0x0,0x0,0x0,0x0,0x0,0x0,0x0,0x0
Bandit,0x551,0x224,0x8b,0x39,0x0,0x0,0x3,0,0x0,1,0,-2,0,-1,0,0,0,0,0,0,0,0,0,0,0,0,60,20,30,35,15,15,25,0x0,0x0,0x0,0x0,0x0,0x0,0x0,0x0,0x0,0x0,0x0,0x0,0x0,0x0
Bandit,0x551,0x224,0x8c,0xa,0x0,0x0,0x3,0,0x0,1,0,-2,-3,-3,-1,0,0,0,71,0,0,0,0,0,0,0,85,25,60,10,15,15,25,0x0,0x0,0x0,0x0,0x0,0x0,0x0,0x0,0x0,0x0,0x0,0x0,0x0,0x0
Glass,0x53e,0x1e3,0x8d,0xa,0x8a,0x0,0x0,0,0x0,3,2,1,-4,-3,-1,0,0,0,71,0,0,0,0,0,0,0,60,20,30,35,15,15,25,0x3c,0x0,0x0,0x0,0x0,0x0,0x80,0x0,0x8,0x0,0x0,0x0,0x0,0x0
Migal,0x53f,0x1e4,0x8e,0x39,0x8b,0x0,0x0,0,0x0,6,5,2,2,0,2,0,2,0,0,0,0,0,0,0,0,0,60,20,30,35,15,15,25,0x13,0x0,0x0,0x0,0x0,0x0,0x80,0x0,0x0,0x0,0x0,0x0,0x0,0x0
Bandit,0x551,0x224,0x8f,0x39,0x0,0x0,0x3,0,0x0,1,0,-2,0,0,0,0,0,0,0,0,0,0,0,0,0,0,60,20,30,35,15,15,25,0x0,0x0,0x0,0x0,0x0,0x0,0x0,0x0,0x0,0x0,0x0,0x0,0x0,0x0
Bandit,0x551,0x224,0x90,0x39,0x0,0x0,0x3,0,0x0,1,0,-2,0,0,0,0,0,0,0,0,0,0,0,0,0,0,60,20,30,35,15,15,25,0x0,0x0,0x0,0x0,0x0,0x0,0x0,0x0,0x0,0x0,0x0,0x0,0x0,0x0
Bandit,0x551,0x224,0x91,0x18,0x0,0x0,0x3,0,0x0,1,0,-3,0,0,0,0,0,0,0,0,0,0,0,0,0,0,0,0,0,0,0,0,0,0x0,0x0,0x0,0x0,0x0,0x0,0x0,0x0,0x0,0x0,0x0,0x0,0x0,0x0
Bandit,0x551,0x224,0x92,0xa,0x0,0x0,0x3,0,0x0,1,-2,0,-1,-3,-1,0,0,0,71,0,0,0,0,0,0,0,85,25,60,10,15,15,25,0x0,0x0,0x0,0x0,0x0,0x0,0x0,0x0,0x0,0x0,0x0,0x0,0x0,0x0
Bandit,0x551,0x224,0x93,0xa,0x0,0x0,0x3,0,0x0,1,-1,0,-1,-2,0,0,0,0,71,0,0,0,0,0,0,0,85,25,60,10,15,15,25,0x0,0x0,0x0,0x0,0x0,0x0,0x0,0x0,0x0,0x0,0x0,0x0,0x0,0x0
Carjiga,0x540,0x1e5,0x94,0x39,0x8c,0x0,0x0,0,0x0,8,7,1,4,-1,4,0,2,3,0,0,71,0,0,0,0,0,60,20,30,35,15,15,25,0x12,0x0,0x0,0x0,0x0,0x0,0x80,0x0,0x0,0x0,0x0,0x0,0x0,0x0
Bandit,0x54f,0x21e,0x95,0x39,0x0,0x0,0x3,0,0x0,1,0,0,0,0,0,0,0,0,0,0,0,0,0,0,0,0,60,20,30,35,15,15,25,0x0,0x0,0x0,0x0,0x0,0x0,0x0,0x0,0x0,0x0,0x0,0x0,0x0,0x0
Bandit,0x54f,0x21e,0x96,0x39,0x0,0x0,0x3,0,0x0,1,0,-2,-1,0,0,0,0,0,0,0,0,0,0,0,0,0,60,20,30,35,15,15,25,0x0,0x0,0x0,0x0,0x0,0x0,0x0,0x0,0x0,0x0,0x0,0x0,0x0,0x0
Bandit,0x54f,0x21e,0x97,0xa,0x0,0x0,0x3,0,0x0,1,-1,-1,0,-3,0,0,0,0,71,0,0,0,0,0,0,0,85,25,60,10,15,15,25,0x0,0x0,0x0,0x0,0x0,0x0,0x0,0x0,0x0,0x0,0x0,0x0,0x0,0x0
Bandit,0x54f,0x21e,0x98,0x18,0x0,0x0,0x3,0,0x0,1,0,-2,0,0,0,0,0,0,0,0,0,0,0,0,0,0,0,0,0,0,0,0,0,0x0,0x0,0x0,0x0,0x0,0x0,0x0,0x0,0x0,0x0,0x0,0x0,0x0,0x0
Bug,0x541,0x1e6,0x99,0x39,0x8d,0x0,0x0,0,0x0,9,9,3,3,1,5,0,1,3,0,0,0,0,0,0,0,0,60,20,30,35,15,15,25,0x11,0x0,0x0,0x0,0x0,0x0,0x80,0x0,0x0,0x0,0x0,0x0,0x0,0x0
Bandit,0x54f,0x21e,0x9a,0x39,0x0,0x0,0x3,0,0x0,1,0,-1,0,0,0,0,0,0,0,0,0,0,0,0,0,0,60,20,30,35,15,15,25,0x0,0x0,0x0,0x0,0x0,0x0,0x0,0x0,0x0,0x0,0x0,0x0,0x0,0x0
Bandit,0x54f,0x21e,0x9b,0x39,0x0,0x0,0x3,0,0x0,1,0,-1,0,0,0,0,0,0,0,0,0,0,0,0,0,0,60,20,30,35,15,15,25,0x0,0x0,0x0,0x0,0x0,0x0,0x0,0x0,0x0,0x0,0x0,0x0,0x0,0x0
Bandit,0x54f,0x21e,0x9c,0xa,0x0,0x0,0x3,0,0x0,1,0,-1,0,0,0,0,0,0,71,0,0,0,0,0,0,0,85,25,60,10,15,15,25,0x0,0x0,0x0,0x0,0x0,0x0,0x0,0x0,0x0,0x0,0x0,0x0,0x0,0x0
Bandit,0x54f,0x21e,0x9d,0x18,0x0,0x0,0x3,0,0x0,1,0,-1,0,0,0,0,0,0,0,0,0,0,0,0,0,0,85,25,60,10,15,15,25,0x0,0x0,0x0,0x0,0x0,0x0,0x0,0x0,0x0,0x0,0x0,0x0,0x0,0x0
Natalie,0x543,0x1e9,0x9e,0x48,0x5b,0x0,0x0,0,0x0,1,0,0,0,0,2,-1,0,0,0,0,0,0,0,0,0,0,85,25,60,10,15,15,25,0x0,0x0,0x0,0x0,0x0,0x0,0x40,0x0,0x0,0x0,0x0,0x0,0x0,0x0
Bool,0x542,0x1e7,0x9f,0x14,0x8f,0x0,0x0,0,0x0,5,9,3,2,2,1,0,1,0,0,0,0,0,0,0,0,0,60,20,30,35,15,15,25,0x5,0x0,0x0,0x0,0x0,0x0,0x80,0x0,0x0,0x0,0x0,0x0,0x0,0x0
Bandit,0x54f,0x21e,0xa0,0x39,0x0,0x0,0x3,0,0x0,1,0,-1,0,0,0,0,0,0,0,0,0,0,0,0,0,0,60,20,30,35,15,15,25,0x0,0x0,0x0,0x0,0x0,0x0,0x0,0x0,0x0,0x0,0x0,0x0,0x0,0x0
Bandit,0x54f,0x21e,0xa1,0x39,0x0,0x0,0x3,0,0x0,1,0,-1,0,0,0,0,0,0,0,0,0,0,0,0,0,0,60,20,30,35,15,15,25,0x0,0x0,0x0,0x0,0x0,0x0,0x0,0x0,0x0,0x0,0x0,0x0,0x0,0x0
Bandit,0x54f,0x21e,0xa2,0xa,0x0,0x0,0x3,0,0x0,1,0,-1,0,0,0,0,0,0,71,0,0,0,0,0,0,0,85,25,60,10,15,15,25,0x0,0x0,0x0,0x0,0x0,0x0,0x0,0x0,0x0,0x0,0x0,0x0,0x0,0x0
Bandit,0x54f,0x21e,0xa3,0x18,0x0,0x0,0x3,0,0x0,1,2,-1,0,1,0,1,0,0,0,0,0,0,0,0,0,0,85,25,60,10,15,15,25,0x0,0x0,0x0,0x0,0x0,0x0,0x0,0x0,0x0,0x0,0x0,0x0,0x0,0x0
Bandit,0x54f,0x21e,0xa4,0x38,0x0,0x0,0x3,0,0x0,1,0,0,0,0,0,0,0,0,0,0,0,0,0,0,0,0,85,25,60,10,15,15,25,0x0,0x0,0x0,0x0,0x0,0x0,0x0,0x0,0x0,0x0,0x0,0x0,0x0,0x0
Bandit,0x54f,0x21e,0xa5,0xa,0x0,0x0,0x3,0,0x0,1,-2,0,-1,-3,-1,0,0,0,71,0,0,0,0,0,0,0,85,25,60,10,15,15,25,0x0,0x0,0x0,0x0,0x0,0x0,0x0,0x0,0x8,0x0,0x0,0x0,0x0,0x0
Heintz,0x544,0x1e8,0xa6,0x24,0x90,0x0,0x0,0,0x0,5,6,1,4,5,1,1,3,2,0,0,0,0,0,0,0,0,60,20,30,35,15,15,25,0x5b,0x0,0x0,0x0,0x0,0x0,0x80,0x0,0x0,0x0,0x0,0x0,0x0,0x0
Black Fang,0x557,0x221,0xa7,0x39,0x0,0x0,0x3,0,0x0,1,0,-1,0,0,0,0,0,0,0,0,0,0,0,0,0,0,60,20,30,35,15,15,25,0x0,0x0,0x0,0x0,0x0,0x0,0x0,0x0,0x0,0x0,0x0,0x0,0x0,0x0
Black Fang,0x557,0x221,0xa8,0xa,0x0,0x0,0x3,0,0x0,1,0,-1,0,0,0,0,0,0,71,0,0,0,0,0,0,0,85,25,60,10,15,15,25,0x0,0x0,0x0,0x0,0x0,0x0,0x0,0x0,0x0,0x0,0x0,0x0,0x0,0x0
Black Fang,0x557,0x221,0xa9,0x18,0x0,0x0,0x3,0,0x0,1,0,-1,0,0,0,0,0,0,0,0,0,0,0,0,0,0,85,25,60,10,15,15,25,0x0,0x0,0x0,0x0,0x0,0x0,0x0,0x0,0x0,0x0,0x0,0x0,0x0,0x0
Black Fang,0x557,0x221,0xaa,0x38,0x0,0x0,0x3,0,0x0,1,0,0,0,0,0,0,0,0,0,0,0,0,0,0,0,0,85,25,60,10,15,15,25,0x0,0x0,0x0,0x0,0x0,0x0,0x0,0x0,0x0,0x0,0x0,0x0,0x0,0x0
Black Fang,0x557,0x221,0xab,0x24,0x0,0x0,0x3,0,0x0,1,6,0,0,0,3,-2,0,0,0,0,0,0,0,0,0,0,85,25,60,10,15,15,25,0x0,0x0,0x0,0x0,0x0,0x0,0x0,0x0,0x0,0x0,0x0,0x0,0x0,0x0
Black Fang,0x557,0x221,0xac,0x20,0x0,0x0,0x3,0,0x0,1,0,0,0,0,2,-1,0,0,0,0,0,0,0,0,0,0,85,25,60,10,15,15,25,0x0,0x0,0x0,0x0,0x0,0x0,0x0,0x0,0x0,0x0,0x0,0x0,0x0,0x0
Beyard,0x545,0x1ea,0xad,0xa,0x91,0x0,0x0,0,0x0,7,6,2,0,-1,1,1,4,1,121,0,0,0,0,0,0,0,85,25,60,10,15,15,25,0x3b,0x0,0x0,0x0,0x0,0x0,0x80,0x0,0x0,0x0,0x0,0x0,0x0,0x0
Black Fang,0x557,0x221,0xae,0x39,0x0,0x0,0x3,0,0x0,1,0,-1,0,0,0,0,0,0,0,0,0,0,0,0,0,0,60,20,30,35,15,15,25,0x0,0x0,0x0,0x0,0x0,0x0,0x0,0x0,0x0,0x0,0x0,0x0,0x0,0x0
Black Fang,0x557,0x221,0xaf,0xa,0x0,0x0,0x3,0,0x0,1,0,-1,0,0,0,0,0,0,71,0,0,0,0,0,0,0,85,25,60,10,15,15,25,0x0,0x0,0x0,0x0,0x0,0x0,0x0,0x0,0x0,0x0,0x0,0x0,0x0,0x0
Black Fang,0x557,0x221,0xb0,0x18,0x0,0x0,0x3,0,0x0,1,0,-1,0,0,0,0,0,0,0,0,0,0,0,0,0,0,85,25,60,10,15,15,25,0x0,0x0,0x0,0x0,0x0,0x0,0x0,0x0,0x0,0x0,0x0,0x0,0x0,0x0
Black Fang,0x557,0x221,0xb1,0x38,0x0,0x0,0x3,0,0x0,1,0,0,0,0,0,0,0,0,0,0,0,0,0,0,0,0,85,25,60,10,15,15,25,0x0,0x0,0x0,0x0,0x0,0x0,0x0,0x0,0x0,0x0,0x0,0x0,0x0,0x0
Black Fang,0x557,0x221,0xb2,0x3c,0x0,0x0,0x3,0,0x0,1,0,0,0,0,0,0,0,0,0,0,0,0,0,0,0,0,85,25,60,10,15,15,25,0x0,0x0,0x0,0x0,0x0,0x0,0x0,0x0,0x0,0x0,0x0,0x0,0x0,0x0
Black Fang,0x557,0x221,0xb3,0x28,0x0,0x0,0x3,0,0x0,1,0,0,0,0,0,0,0,0,0,0,0,0,0,0,0,0,85,25,60,10,15,15,25,0x0,0x0,0x0,0x0,0x0,0x0,0x0,0x0,0x0,0x0,0x0,0x0,0x0,0x0
Black Fang,0x557,0x221,0xb4,0x24,0x0,0x0,0x3,0,0x0,1,0,0,0,0,3,-2,0,0,0,0,0,0,0,0,0,0,85,25,60,10,15,15,25,0x0,0x0,0x0,0x0,0x0,0x0,0x0,0x0,0x0,0x0,0x0,0x0,0x0,0x0
Black Fang,0x557,0x221,0xb5,0x20,0x0,0x0,0x3,0,0x0,1,0,0,0,0,2,-1,0,0,0,0,0,0,0,0,0,0,85,25,60,10,15,15,25,0x0,0x0,0x0,0x0,0x0,0x0,0x0,0x0,0x0,0x0,0x0,0x0,0x0,0x0
Yogi,0x546,0x1eb,0xb6,0x14,0x92,0x0,0x0,0,0x0,6,8,4,5,3,2,1,2,-1,0,71,0,0,0,0,0,0,60,20,30,35,15,15,25,0xb,0x0,0x0,0x0,0x0,0x0,0x80,0x0,0x0,0x0,0x0,0x0,0x0,0x0
Caelin,0x553,0x225,0xb7,0x39,0x0,0x0,0x3,0,0x0,1,0,-1,0,0,0,0,0,0,0,0,0,0,0,0,0,0,60,20,30,35,15,15,25,0x0,0x0,0x0,0x0,0x0,0x0,0x0,0x0,0x0,0x0,0x0,0x0,0x0,0x0
Caelin,0x553,0x225,0xb8,0xa,0x0,0x0,0x3,0,0x0,1,0,-1,0,0,0,0,0,0,71,0,0,0,0,0,0,0,85,25,60,10,15,15,25,0x0,0x0,0x0,0x0,0x0,0x0,0x0,0x0,0x0,0x0,0x0,0x0,0x0,0x0
Caelin,0x553,0x225,0xb9,0x18,0x0,0x0,0x3,0,0x0,1,0,-1,0,0,0,0,0,0,0,0,0,0,0,0,0,0,85,25,60,10,15,15,25,0x0,0x0,0x0,0x0,0x0,0x0,0x0,0x0,0x0,0x0,0x0,0x0,0x0,0x0
Caelin,0x553,0x225,0xba,0x38,0x0,0x0,0x3,0,0x0,1,0,0,0,0,0,0,0,0,0,0,0,0,0,0,0,0,85,25,60,10,15,15,25,0x0,0x0,0x0,0x0,0x0,0x0,0x0,0x0,0x0,0x0,0x0,0x0,0x0,0x0
Caelin,0x553,0x225,0xbb,0x28,0x0,0x0,0x3,0,0x0,1,0,0,0,0,0,0,0,0,0,0,0,0,0,0,0,0,85,25,60,10,15,15,25,0x0,0x0,0x0,0x0,0x0,0x0,0x0,0x0,0x0,0x0,0x0,0x0,0x0,0x0
Caelin,0x553,0x225,0xbc,0x24,0x0,0x0,0x3,0,0x0,1,0,0,0,0,3,-2,0,0,0,0,0,0,0,0,0,0,85,25,60,10,15,15,25,0x0,0x0,0x0,0x0,0x0,0x0,0x0,0x0,0x0,0x0,0x0,0x0,0x0,0x0
Caelin,0x553,0x225,0xbd,0x20,0x0,0x0,0x3,0,0x0,1,0,0,0,0,2,-1,0,0,0,0,0,0,0,0,0,0,85,25,60,10,15,15,25,0x0,0x0,0x0,0x0,0x0,0x0,0x0,0x0,0x0,0x0,0x0,0x0,0x0,0x0
Eagler,0x547,0x1ec,0xbe,0x2a,0x93,0x0,0x0,0,0x0,1,7,3,2,0,2,2,2,1,181,181,0,0,0,0,0,0,60,20,30,35,15,15,25,0x0,0x7,0x0,0x0,0x0,0x0,0x80,0x0,0x0,0x0,0x0,0x0,0x0,0x0
Caelin,0x553,0x225,0xbf,0x39,0x0,0x0,0x3,0,0x0,1,0,-1,0,0,0,0,0,0,0,0,0,0,0,0,0,0,60,20,30,35,15,15,25,0x0,0x0,0x0,0x0,0x0,0x0,0x0,0x0,0x0,0x0,0x0,0x0,0x0,0x0
Caelin,0x553,0x225,0xc0,0x3a,0x0,0x0,0x3,0,0x0,1,0,-1,0,0,0,0,0,0,0,0,0,0,0,0,0,0,60,20,30,35,15,15,25,0x0,0x0,0x0,0x0,0x0,0x0,0x0,0x0,0x0,0x0,0x0,0x0,0x0,0x0
Caelin,0x553,0x225,0xc1,0xa,0x0,0x0,0x3,0,0x0,1,0,-1,0,0,0,0,0,0,71,0,0,0,0,0,0,0,85,25,60,10,15,15,25,0x0,0x0,0x0,0x0,0x0,0x0,0x0,0x0,0x0,0x0,0x0,0x0,0x0,0x0
Caelin,0x553,0x225,0xc2,0x18,0x0,0x0,0x3,0,0x0,1,0,-1,0,0,0,0,0,0,0,0,0,0,0,0,0,0,85,25,60,10,15,15,25,0x0,0x0,0x0,0x0,0x0,0x0,0x0,0x0,0x0,0x0,0x0,0x0,0x0,0x0
Caelin,0x553,0x225,0xc3,0x38,0x0,0x0,0x3,0,0x0,1,0,0,0,0,0,0,0,0,0,0,0,0,0,0,0,0,85,25,60,10,15,15,25,0x0,0x0,0x0,0x0,0x0,0x0,0x0,0x0,0x0,0x0,0x0,0x0,0x0,0x0
Caelin,0x553,0x225,0xc4,0x28,0x0,0x0,0x3,0,0x0,1,0,0,0,0,0,0,0,0,0,0,0,0,0,0,0,0,85,25,60,10,15,15,25,0x0,0x0,0x0,0x0,0x0,0x0,0x0,0x0,0x0,0x0,0x0,0x0,0x0,0x0
Lundgren,0x548,0x1ed,0xc5,0x16,0x94,0x0,0x0,0,0x0,5,14,4,4,2,1,4,6,0,0,181,181,0,0,0,0,0,60,20,30,35,15,15,25,0x0,0x35,0x0,0x0,0x0,0x0,0x80,0x0,0x0,0x0,0x0,0x0,0x0,0x0
Caelin,0x553,0x225,0xc6,0x39,0x0,0x0,0x3,0,0x0,1,0,-1,0,0,0,0,0,0,0,0,0,0,0,0,0,0,60,20,30,35,15,15,25,0x0,0x0,0x0,0x0,0x0,0x0,0x0,0x0,0x0,0x0,0x0,0x0,0x0,0x0
Caelin,0x553,0x225,0xc7,0xa,0x0,0x0,0x3,0,0x0,1,0,-1,0,0,0,0,0,0,71,0,0,0,0,0,0,0,85,25,60,10,15,15,25,0x0,0x0,0x0,0x0,0x0,0x0,0x0,0x0,0x0,0x0,0x0,0x0,0x0,0x0
Caelin,0x553,0x225,0xc8,0x18,0x0,0x0,0x3,0,0x0,1,0,-1,0,0,0,0,0,0,0,0,0,0,0,0,0,0,85,25,60,10,15,15,25,0x0,0x0,0x0,0x0,0x0,0x0,0x0,0x0,0x0,0x0,0x0,0x0,0x0,0x0
Caelin,0x553,0x225,0xc9,0x38,0x0,0x0,0x3,0,0x0,1,0,0,0,0,0,0,0,0,0,0,0,0,0,0,0,0,85,25,60,10,15,15,25,0x0,0x0,0x0,0x0,0x0,0x0,0x0,0x0,0x0,0x0,0x0,0x0,0x0,0x0
Caelin,0x553,0x225,0xca,0x28,0x0,0x0,0x3,0,0x0,1,0,0,0,0,0,0,0,0,0,0,0,0,0,0,0,0,85,25,60,10,15,15,25,0x0,0x0,0x0,0x0,0x0,0x0,0x0,0x0,0x0,0x0,0x0,0x0,0x0,0x0
Caelin,0x553,0x225,0xcb,0x24,0x0,0x0,0x3,0,0x0,1,0,0,0,0,3,-2,0,0,0,0,0,0,0,0,0,0,85,25,60,10,15,15,25,0x0,0x0,0x0,0x0,0x0,0x0,0x0,0x0,0x0,0x0,0x0,0x0,0x0,0x0
Caelin,0x553,0x225,0xcc,0x20,0x0,0x0,0x3,0,0x0,1,0,0,0,0,2,-1,0,0,0,0,0,0,0,0,0,0,85,25,60,10,15,15,25,0x0,0x0,0x0,0x0,0x0,0x0,0x0,0x0,0x0,0x0,0x0,0x0,0x0,0x0
Tactician,0x54a,0x54b,0xcd,0x20,0x0,0x0,0x2,0,0x0,1,0,0,0,0,2,-1,0,0,0,0,0,0,0,0,0,0,85,25,60,10,15,15,25,0x0,0x0,0x0,0x0,0x0,0x0,0x0,0x0,0x0,0x0,0x0,0x0,0x0,0x0
Citizen,0x54b,0x54b,0xce,0x47,0x0,0x0,0x2,0,0x0,1,0,0,0,0,2,-1,0,0,0,0,0,0,0,0,0,0,85,25,60,10,15,15,25,0x0,0x0,0x0,0x0,0x0,0x0,0x0,0x0,0x0,0x0,0x0,0x0,0x0,0x0
Citizen,0x54b,0x54b,0xcf,0x47,0x0,0x0,0x2,0,0x0,1,0,0,0,0,2,-1,0,0,0,0,0,0,0,0,0,0,85,25,60,10,15,15,25,0x0,0x0,0x0,0x0,0x0,0x0,0x0,0x0,0x0,0x0,0x0,0x0,0x0,0x0
Citizen,0x54b,0x54b,0xd0,0x48,0x0,0x0,0x2,0,0x0,1,0,0,0,0,2,-1,0,0,0,0,0,0,0,0,0,0,85,25,60,10,15,15,25,0x0,0x0,0x0,0x0,0x0,0x0,0x40,0x0,0x0,0x0,0x0,0x0,0x0,0x0
Citizen,0x54b,0x54b,0xd1,0x48,0x0,0x0,0x2,0,0x0,1,0,0,0,0,2,-1,0,0,0,0,0,0,0,0,0,0,85,25,60,10,15,15,25,0x0,0x0,0x0,0x0,0x0,0x0,0x40,0x0,0x0,0x0,0x0,0x0,0x0,0x0
Citizen,0x54b,0x54b,0xd2,0x47,0x0,0x0,0x2,0,0x0,1,0,0,0,0,2,-1,0,0,0,0,0,0,0,0,0,0,85,25,60,10,15,15,25,0x0,0x0,0x0,0x0,0x0,0x0,0x0,0x0,0x0,0x0,0x0,0x0,0x0,0x0
Citizen,0x54b,0x54b,0xd3,0x48,0x0,0x0,0x2,0,0x0,1,0,0,0,0,2,-1,0,0,0,0,0,0,0,0,0,0,85,25,60,10,15,15,25,0x0,0x0,0x0,0x0,0x0,0x0,0x40,0x0,0x0,0x0,0x0,0x0,0x0,0x0
Citizen,0x54b,0x54b,0xd4,0x47,0x0,0x0,0x2,0,0x0,1,0,0,0,0,2,-1,0,0,0,0,0,0,0,0,0,0,85,25,60,10,15,15,25,0x0,0x0,0x0,0x0,0x0,0x0,0x0,0x0,0x0,0x0,0x0,0x0,0x0,0x0
Citizen,0x54b,0x54b,0xd5,0x48,0x0,0x0,0x2,0,0x0,1,0,0,0,0,2,-1,0,0,0,0,0,0,0,0,0,0,85,25,60,10,15,15,25,0x0,0x0,0x0,0x0,0x0,0x0,0x40,0x0,0x0,0x0,0x0,0x0,0x0,0x0
Citizen,0x54b,0x54b,0xd6,0x47,0x0,0x0,0x2,0,0x0,1,0,0,0,0,2,-1,0,0,0,0,0,0,0,0,0,0,85,25,60,10,15,15,25,0x0,0x0,0x0,0x0,0x0,0x0,0x0,0x0,0x0,0x0,0x0,0x0,0x0,0x0
Merc,0x556,0x226,0xd7,0x39,0x0,0x0,0x3,0,0x0,1,0,0,0,0,0,0,0,0,0,0,0,0,0,0,0,0,60,20,30,35,15,15,25,0x0,0x0,0x0,0x0,0x0,0x0,0x0,0x0,0x8,0x0,0x0,0x0,0x0,0x0
Pirate,0x550,0x220,0xd8,0x39,0x0,0x0,0x3,0,0x0,1,0,0,0,0,0,0,0,0,0,0,0,0,0,0,0,0,60,20,30,35,15,15,25,0x0,0x0,0x0,0x0,0x0,0x0,0x0,0x0,0x0,0x0,0x0,0x0,0x0,0x0
Bandit,0x54f,0x21e,0xd9,0x39,0x0,0x0,0x3,0,0x0,1,0,0,0,0,0,0,0,0,0,0,0,0,0,0,0,0,60,20,30,35,15,15,25,0x0,0x0,0x0,0x0,0x0,0x0,0x0,0x0,0x8,0x0,0x0,0x0,0x0,0x0
Citizen,0x54b,0x549,0xda,0x39,0x0,0x0,0x3,0,0x0,1,0,-1,0,0,0,0,0,0,0,0,0,0,0,0,0,0,60,20,30,35,15,15,25,0x0,0x0,0x0,0x0,0x0,0x0,0x0,0x0,0x0,0x0,0x0,0x0,0x0,0x0
Citizen,0x54b,0x549,0xdb,0x39,0x0,0x0,0x3,0,0x0,1,0,-1,0,0,0,0,0,0,0,0,0,0,0,0,0,0,60,20,30,35,15,15,25,0x0,0x0,0x0,0x0,0x0,0x0,0x0,0x0,0x0,0x0,0x0,0x0,0x0,0x0
Citizen,0x54b,0x549,0xdc,0x39,0x0,0x0,0x3,0,0x0,1,0,-1,0,0,0,0,0,0,0,0,0,0,0,0,0,0,60,20,30,35,15,15,25,0x0,0x0,0x0,0x0,0x0,0x0,0x0,0x0,0x0,0x0,0x0,0x0,0x0,0x0
Black Fang,0x557,0x221,0xdd,0x38,0x0,0x0,0x3,0,0x0,1,0,0,0,0,0,0,0,0,0,0,0,0,0,0,0,0,85,25,60,10,15,15,25,0x0,0x0,0x0,0x0,0x0,0x0,0x0,0x0,0x8,0x0,0x0,0x0,0x0,0x0
Black Fang,0x557,0x221,0xde,0x38,0x0,0x0,0x3,0,0x0,1,0,0,0,0,0,0,0,0,0,0,0,0,0,0,0,0,60,20,30,35,15,15,25,0x0,0x0,0x0,0x0,0x0,0x0,0x0,0x0,0x0,0x0,0x0,0x0,0x0,0x0
Bandit,0x54f,0x21e,0xdf,0x38,0x0,0x0,0x3,0,0x0,1,0,0,0,0,0,0,0,0,0,0,0,0,0,0,0,0,85,25,60,10,15,15,25,0x0,0x0,0x0,0x0,0x0,0x0,0x0,0x0,0x8,0x0,0x0,0x0,0x0,0x0
Black Fang,0x557,0x221,0xe0,0x38,0x0,0x0,0x3,0,0x0,1,0,0,0,0,0,0,0,0,0,0,0,0,0,0,0,0,85,25,60,10,15,15,25,0x0,0x0,0x0,0x0,0x0,0x0,0x0,0x0,0x8,0x0,0x0,0x0,0x0,0x0
Morph,0x559,0x228,0xe1,0x39,0x0,0x0,0x3,0,0x0,1,0,0,0,0,0,0,0,0,0,0,0,0,0,0,0,0,60,20,30,35,15,15,25,0x0,0x0,0x0,0x0,0x0,0x0,0x0,0x8,0x0,0x0,0x3,0x0,0x0,0x0
Black Fang,0x557,0x221,0xe2,0x38,0x0,0x0,0x2,0,0x0,1,0,0,0,0,0,0,0,0,0,0,0,0,0,0,0,0,85,25,60,10,15,15,25,0x0,0x0,0x0,0x0,0x0,0x0,0x0,0x0,0x0,0x0,0x0,0x0,0x0,0x0
Black Fang,0x557,0x221,0xe3,0x38,0x0,0x0,0x2,0,0x0,1,0,0,0,0,0,0,0,0,0,0,0,0,0,0,0,0,85,25,60,10,15,15,25,0x0,0x0,0x0,0x0,0x0,0x0,0x0,0x0,0x0,0x0,0x0,0x0,0x0,0x0
Bandit,0x54f,0x21e,0xe4,0x39,0x0,0x0,0x3,0,0x0,1,0,0,0,0,0,0,0,0,0,0,0,0,0,0,0,0,60,20,30,35,15,15,25,0x0,0x0,0x0,0x0,0x0,0x0,0x0,0x0,0x0,0x0,0x0,0x0,0x0,0x0
Ostia,0x554,0x222,0xe5,0x39,0x0,0x0,0x2,0,0x0,1,0,0,0,0,0,0,0,0,0,0,0,0,0,0,0,0,60,20,30,35,15,15,25,0x0,0x0,0x0,0x0,0x0,0x0,0x0,0x0,0x0,0x0,0x0,0x0,0x0,0x0
Rath's unit,0x55a,0x229,0xe6,0x39,0x0,0x0,0x2,0,0x0,1,0,0,0,0,0,0,0,0,0,0,0,0,0,0,0,0,60,20,30,35,15,15,25,0x0,0x0,0x0,0x0,0x0,0x0,0x0,0x0,0x0,0x0,0x0,0x0,0x0,0x0
Bandit,0x54f,0x21e,0xe7,0x39,0x0,0x0,0x3,0,0x0,1,0,0,0,0,0,0,0,0,0,0,0,0,0,0,0,0,60,20,30,35,15,15,25,0x0,0x0,0x0,0x0,0x0,0x0,0x0,0x0,0x0,0x0,0x0,0x0,0x0,0x0
Bandit,0x551,0x224,0xe8,0x39,0x0,0x0,0x3,0,0x0,1,0,0,0,0,0,0,0,0,0,0,0,0,0,0,0,0,60,20,30,35,15,15,25,0x0,0x0,0x0,0x0,0x0,0x0,0x0,0x0,0x0,0x0,0x0,0x0,0x0,0x0
Bern,0x555,0x227,0xe9,0x39,0x0,0x0,0x3,0,0x0,1,0,0,0,0,0,0,0,0,0,0,0,0,0,0,0,0,60,20,30,35,15,15,25,0x0,0x0,0x0,0x0,0x0,0x0,0x0,0x0,0x0,0x0,0x0,0x0,0x0,0x0
Guardian,0x558,0x223,0xea,0x39,0x0,0x0,0x3,0,0x0,1,0,0,0,0,0,0,0,0,0,0,0,0,0,0,0,0,60,20,30,35,15,15,25,0x0,0x0,0x0,0x0,0x0,0x0,0x0,0x0,0x0,0x0,0x0,0x0,0x0,0x0
Morph,0x559,0x228,0xeb,0x39,0x0,0x0,0x3,0,0x0,1,0,0,0,0,0,0,0,0,0,0,0,0,0,0,0,0,60,20,30,35,15,15,25,0x0,0x0,0x0,0x0,0x0,0x0,0x0,0x8,0x0,0x0,0x0,0x0,0x0,0x0
Laus,0x552,0x21f,0xec,0x39,0x0,0x0,0x3,0,0x0,1,0,0,0,0,0,0,0,0,0,0,0,0,0,0,0,0,60,20,30,35,15,15,25,0x0,0x0,0x0,0x0,0x0,0x0,0x0,0x0,0x8,0x0,0x0,0x0,0x0,0x0
Bandit,0x54f,0x21e,0xed,0x39,0x0,0x0,0x3,0,0x0,1,0,0,0,0,0,0,0,0,0,0,0,0,0,0,0,0,60,20,30,35,15,15,25,0x0,0x0,0x0,0x0,0x0,0x0,0x0,0x0,0x8,0x0,0x0,0x0,0x0,0x0
Bandit,0x551,0x224,0xee,0x39,0x0,0x0,0x3,0,0x0,1,0,0,0,0,0,0,0,0,0,0,0,0,0,0,0,0,60,20,30,35,15,15,25,0x0,0x0,0x0,0x0,0x0,0x0,0x0,0x0,0x8,0x0,0x0,0x0,0x0,0x0
Bern,0x555,0x227,0xef,0x39,0x0,0x0,0x3,0,0x0,1,0,0,0,0,0,0,0,0,0,0,0,0,0,0,0,0,60,20,30,35,15,15,25,0x0,0x0,0x0,0x0,0x0,0x0,0x0,0x0,0x8,0x0,0x0,0x0,0x0,0x0
Guardian,0x558,0x223,0xf0,0x39,0x0,0x0,0x3,0,0x0,1,0,0,0,0,0,0,0,0,0,0,0,0,0,0,0,0,60,20,30,35,15,15,25,0x0,0x0,0x0,0x0,0x0,0x0,0x0,0x0,0x8,0x0,0x0,0x0,0x0,0x0
Morph,0x559,0x228,0xf1,0x39,0x0,0x0,0x3,0,0x0,1,0,0,0,0,0,0,0,0,0,0,0,0,0,0,0,0,60,20,30,35,15,15,25,0x0,0x0,0x0,0x0,0x0,0x0,0x0,0x8,0x8,0x0,0x0,0x0,0x0,0x0
Guardian,0x558,0x223,0xf2,0x3c,0x0,0x0,0x3,0,0x0,1,0,0,0,15,0,0,0,0,0,0,0,0,0,0,0,0,60,20,30,35,15,15,25,0x0,0x0,0x0,0x0,0x0,0x0,0x0,0x0,0x8,0x0,0x0,0x0,0x0,0x0
Black Fang,0x557,0x221,0xf3,0x3a,0x0,0x0,0x3,0,0x0,1,0,0,0,0,0,0,0,0,0,0,0,0,0,0,0,0,60,20,30,35,15,15,25,0x0,0x0,0x0,0x0,0x0,0x0,0x0,0x0,0x0,0x0,0x0,0x0,0x0,0x0
Lloyd (Morph),0x535,0x215,0xf4,0x10,0x96,0x0,0x0,AAnima,0x0,20,31,15,15,17,13,20,0,0,251,0,0,0,0,0,0,0,85,50,10,10,10,15,30,0x0,0x69,0x0,0x8,0x0,0x0,0x0,0x8,0x8,0x8c98f68,0x4,0x0,0x0,0x0
Linus (Morph),0x536,0x216,0xf5,0xc,0x97,0x0,0x0,AThunder,0x0,20,38,18,14,9,13,17,0,4,251,0,181,0,0,0,0,0,85,50,10,10,10,15,30,0x0,0x1f,0x0,0x5,0x0,0x0,0x0,0x8,0x0,0x8c98f80,0x4,0x0,0x0,0x0
Brendan (Morph),0x527,0x217,0xf6,0x13,0x98,0x0,0x0,ALight,0x0,20,37,21,15,11,14,17,0,2,0,0,251,251,0,0,0,0,85,50,10,10,10,15,30,0x0,0x71,0x0,0x0,0x0,0x0,0x0,0x8,0x8,0x0,0x3,0x0,0x0,0x0
Uhai (Morph),0x51e,0x218,0xf7,0x30,0x99,0x0,0x0,0,0x0,20,34,15,20,18,12,15,0,3,181,0,0,251,0,0,0,0,85,50,10,10,10,15,30,0x0,0x44,0x0,0x0,0x0,0x0,0x0,0x8,0x8,0x0,0x4,0x0,0x0,0x0
Ursula (Morph),0x523,0x219,0xf8,0x2d,0x9a,0x0,0x0,0,0x0,20,29,20,19,17,12,17,0,1,0,0,0,0,181,251,0,0,85,50,10,10,10,15,30,0x0,0x6f,0x0,0x0,0x0,0x0,0x40,0x8,0x8,0x0,0x0,0x0,0x0,0x0
Kenneth (Morph),0x52c,0x21a,0xf9,0x1e,0x9b,0x0,0x0,0,0x0,20,35,19,15,14,11,21,0,3,0,0,0,0,181,0,251,0,85,50,10,10,10,15,30,0x0,0x18,0x0,0x0,0x0,0x0,0x0,0x8,0x8,0x0,0x4,0x0,0x0,0x0
Darin (Morph),0x520,0x21c,0xfa,0x16,0x9c,0x0,0x0,0,0x0,20,41,15,14,12,16,12,0,0,0,251,181,0,0,0,0,0,85,50,10,10,10,15,30,0x0,0x32,0x0,0x0,0x0,0x0,0x0,0x8,0x8,0x0,0x4,0x0,0x0,0x0
Enemy,0x54c,0x0,0xfb,0x39,0x0,0x0,0x0,0,0x0,0,0,0,0,0,0,0,0,0,0,0,0,0,0,0,0,0,0,0,0,0,0,0,0,0x0,0x0,0x0,0x0,0x0,0x0,0x0,0x0,0x0,0x0,0x0,0x0,0x0,0x0
Wall,0x54d,0x0,0xfc,0x39,0x0,0x0,0x0,0,0x0,0,0,0,0,0,0,0,0,0,0,0,0,0,0,0,0,0,0,0,0,0,0,0,0,0x0,0x0,0x0,0x0,0x0,0x0,0x0,0x0,0x0,0x0,0x0,0x0,0x0,0x0
Snag,0x54e,0x0,0xfd,0x39,0x0,0x0,0x0,0,0x0,0,0,0,0,0,0,0,0,0,0,0,0,0,0,0,0,0,0,0,0,0,0,0,0,0x0,0x0,0x0,0x0,0x0,0x0,0x0,0x0,0x0,0x0,0x0,0x0,0x0,0x0
